,M-aupr,M-auc,m-aupr,m-auc,precision,recall,F1-score
cell-cytokine+,0.11349998197901351,0.5193574351573659,0.21998526729686962,0.7732580521392516,0.53125,0.021711366538952746,0.04171779141104294
cytokine-cell+,0.13378694099121025,0.5440389926577819,0.25447373072804363,0.8041959587831516,0.48031496062992124,0.032412327311370885,0.06072672971627677
cytokine-cell-,0.10417714918767824,0.4179943465276581,0.2227479720213159,0.7447612118768325,1.0,0.008056394763343404,0.015984015984015984
cytokine-cell,0.14257546651669534,0.5560691025094626,0.31589878747112876,0.8122313599555101,0.6201923076923077,0.05184887459807074,0.0956973293768546
