,M-aupr,M-auc,m-aupr,m-auc,precision,recall,F1-score
cell-cytokine,0.135575814,0.535590997,0.326296267,0.815122629,0.604895105,0.062794918,0.113778362
cell-cytokine+,0.113499982,0.519357435,0.219985267,0.773258052,0.53125,0.021711367,0.041717791
cytokine-cell+,0.133786941,0.544038993,0.254473731,0.804195959,0.480314961,0.032412327,0.06072673
cytokine-cell-,0.104177149,0.417994347,0.222747972,0.744761212,1,0.008056395,0.015984016
cytokine-cell,0.142575467,0.556069103,0.315898787,0.81223136,0.620192308,0.051848875,0.095697329
